Workbook

Sheet Общая
A1: Тип | B1: Номер ДВРЦ | C1: Разница СМР-РД | D1: Наименование вида работ | E1: Организация | F1: Ед.Изм. | G1: ВРЦ | H1: РД | I1: Факт построенный | J1: СМР принятый | K1: ИД | L1: Факт построенный, % | M1: СМР принятый, % | N1: ИД, % | O1: Вес работ, % | P1: Дата начала | Q1: Дата окончания | R1: План, % | S1: Иерархия
A2: Веха | B2: 3 | D2: н | L2: =IFERROR(IF(COUNTIF($S3:$S7,1)=0,"",SUMIFS(L3:L7,$S3:$S7,1)/COUNTIF($S3:$S7,1)),"") -> 605 | M2: =IFERROR(IF(COUNTIF($S3:$S7,1)=0,"",SUMIFS(M3:M7,$S3:$S7,1)/COUNTIF($S3:$S7,1)),"") -> 145 | N2: =IFERROR(IF(COUNTIF($S3:$S7,1)=0,"",SUMIFS(N3:N7,$S3:$S7,1)/COUNTIF($S3:$S7,1)),"") -> 8.8888889e+16 | O2: 5 | P2: 01-08-2026 | Q2: 27-08-2026 | R2: 100 | S2: 0
A3: Задача | B3: DVRC-101 | C3: =J3-H3 -> 12 | D3: Тест ДВРЦ2 | E3: =IFERROR(СМР!F3,"") -> Organization | F3: стык | G3: =IFERROR(СМР!J3,0) -> 0.04 | H3: 2 | I3: =IFERROR(IF(COUNT(СМР!$M$4:$BU$4)=0,"",СМР!L4),"") -> 60 | J3: =IFERROR(IF(COUNT(СМР!$M$6:$BU$6)=0,"",СМР!L6),"") -> 14 | K3: 8.8888889e+15 | L3: =IFERROR(IF(OR(H3="",H3=0,I3=""),"",I3/H3*100),"") -> 3000 | M3: =IFERROR(IF(OR(H3="",H3=0,J3=""),"",J3/H3*100),"") -> 700 | N3: =IFERROR(IF(OR(H3="",H3=0,K3=""),"",K3/H3*100),"") -> 4.4444444e+17 | O3: 1.56 | S3: 1
A4: Задача | B4: 1 | C4: =J4-H4 -> -15 | D4: 33пппп | E4: =IFERROR(СМР!F7,"") -> Organization | F4: к-с | G4: =IFERROR(СМР!J7,0) -> 10 | H4: 20 | I4: =IFERROR(IF(COUNT(СМР!$M$8:$BU$8)=0,"",СМР!L8),"") -> 5 | J4: =IFERROR(IF(COUNT(СМР!$M$10:$BU$10)=0,"",СМР!L10),"") -> 5 | K4: 1 | L4: =IFERROR(IF(OR(H4="",H4=0,I4=""),"",I4/H4*100),"") -> 25 | M4: =IFERROR(IF(OR(H4="",H4=0,J4=""),"",J4/H4*100),"") -> 25 | N4: =IFERROR(IF(OR(H4="",H4=0,K4=""),"",K4/H4*100),"") -> 5 | O4: 3.44 | S4: 1
A5: Задача | B5: 4 | C5: =J5-H5 -> #VALUE! | D5: 11пппаа | E5: =IFERROR(СМР!F11,"") -> Organization | F5: % | G5: =IFERROR(СМР!J11,0) -> 0 | H5: 0 | I5: =IFERROR(IF(COUNT(СМР!$M$12:$BU$12)=0,"",СМР!L12),"") | J5: =IFERROR(IF(COUNT(СМР!$M$14:$BU$14)=0,"",СМР!L14),"") | K5: 0.22 | L5: =IFERROR(IF(OR(H5="",H5=0,I5=""),"",I5/H5*100),"") | M5: =IFERROR(IF(OR(H5="",H5=0,J5=""),"",J5/H5*100),"") | N5: =IFERROR(IF(OR(H5="",H5=0,K5=""),"",K5/H5*100),"") | S5: 1
A6: Задача | B6: щ | C6: =J6-H6 -> #VALUE! | D6: щщ | E6: =IFERROR(СМР!F15,"") -> новиков | F6: м | G6: =IFERROR(СМР!J15,0) -> 0 | I6: =IFERROR(IF(COUNT(СМР!$M$16:$BU$16)=0,"",СМР!L16),"") | J6: =IFERROR(IF(COUNT(СМР!$M$18:$BU$18)=0,"",СМР!L18),"") | L6: =IFERROR(IF(OR(H6="",H6=0,I6=""),"",I6/H6*100),"") | M6: =IFERROR(IF(OR(H6="",H6=0,J6=""),"",J6/H6*100),"") | N6: =IFERROR(IF(OR(H6="",H6=0,K6=""),"",K6/H6*100),"") | S6: 1
A7: Задача | B7: 48 | C7: =J7-H7 -> #VALUE! | D7: 44 | E7: =IFERROR(СМР!F19,"") -> 12ММфыvvvVVVV4444444444444444444444444444444444444444444 | F7: пм | G7: =IFERROR(СМР!J19,0) -> 0 | I7: =IFERROR(IF(COUNT(СМР!$M$20:$BU$20)=0,"",СМР!L20),"") | J7: =IFERROR(IF(COUNT(СМР!$M$22:$BU$22)=0,"",СМР!L22),"") | L7: =IFERROR(IF(OR(H7="",H7=0,I7=""),"",I7/H7*100),"") | M7: =IFERROR(IF(OR(H7="",H7=0,J7=""),"",J7/H7*100),"") | N7: =IFERROR(IF(OR(H7="",H7=0,K7=""),"",K7/H7*100),"") | S7: 1
A8: Веха | B8: 33 | D8: 4445555 | P8: 08-09-2026 | Q8: 16-09-2026 | R8: 1.53 | S8: 0

Sheet СМР
A1: Тип* | B1: Номер ДВРЦ* | C1: Наименование вида работ* | D1: Дата начала | E1: Дата окончания | F1: Организация* | G1: Тип объема СМР | H1: Ед.Изм.* | I1: Объем ранее выполненных работ | J1: Объем ВРЦ | K1: Объем РД | L1: Объем СМР | M1: 01.08.2026 | N1: 02.08.2026 | O1: 03.08.2026 | P1: 04.08.2026 | Q1: 05.08.2026 | R1: 06.08.2026 | S1: 07.08.2026 | T1: 08.08.2026 | U1: 09.08.2026 | V1: 10.08.2026 | W1: 11.08.2026 | X1: 12.08.2026 | Y1: 13.08.2026 | Z1: 14.08.2026 | AA1: 15.08.2026 | AB1: 16.08.2026 | AC1: 17.08.2026 | AD1: 18.08.2026 | AE1: 19.08.2026 | AF1: 20.08.2026 | AG1: 21.08.2026 | AH1: 22.08.2026 | AI1: 23.08.2026 | AJ1: 24.08.2026 | AK1: 25.08.2026 | AL1: 26.08.2026 | AM1: 27.08.2026 | AN1: 28.08.2026 | AO1: 29.08.2026 | AP1: 30.08.2026 | AQ1: 31.08.2026 | AR1: 01.09.2026 | AS1: 02.09.2026 | AT1: 03.09.2026 | AU1: 04.09.2026 | AV1: 05.09.2026 | AW1: 06.09.2026 | AX1: 07.09.2026 | AY1: 08.09.2026 | AZ1: 09.09.2026 | BA1: 10.09.2026 | BB1: 11.09.2026 | BC1: 12.09.2026 | BD1: 13.09.2026 | BE1: 14.09.2026 | BF1: 15.09.2026 | BG1: 16.09.2026 | BH1: 17.09.2026 | BI1: 18.09.2026 | BJ1: 19.09.2026 | BK1: 20.09.2026 | BL1: 21.09.2026 | BM1: 22.09.2026 | BN1: 23.09.2026 | BO1: 24.09.2026 | BP1: 25.09.2026 | BQ1: 26.09.2026 | BR1: 27.09.2026 | BS1: 28.09.2026 | BT1: 29.09.2026 | BU1: 30.09.2026
A2: Веха | B2: 3 | C2: н | D2: 01-08-2026 | E2: 27-08-2026
A3: Задача | B3: DVRC-101 | C3: Тест ДВРЦ2 | F3: Organization | G3: План | H3: стык | I3: 50 | J3: 0.04 | K3: 2 | L3: =SUM($M3:$BU3) -> 5 | AR3: 5
A4: Задача | B4: DVRC-101 | C4: Тест ДВРЦ2 | F4: Organization | G4: Факт построенный | H4: стык | I4: 50 | J4: 0.04 | K4: 2 | L4: =SUM($M4:$BU4) -> 60 | N4: 55 | AR4: 5
A5: Задача | B5: DVRC-101 | C5: Тест ДВРЦ2 | F5: Organization | G5: Факт предъявляемый | H5: стык | I5: 50 | J5: 0.04 | K5: 2 | L5: =SUM($M5:$BU5) -> 4 | AR5: 4
A6: Задача | B6: DVRC-101 | C6: Тест ДВРЦ2 | F6: Organization | G6: Факт принятый | H6: стык | I6: 50 | J6: 0.04 | K6: 2 | L6: =SUM($M6:$BU6) -> 14 | AN6: 10 | AR6: 4
A7: Задача | B7: 1 | C7: 33пппп | F7: Organization | G7: План | H7: к-с | J7: 10 | K7: 20 | L7: =SUM($M7:$BU7) -> 5 | AR7: 5
A8: Задача | B8: 1 | C8: 33пппп | F8: Organization | G8: Факт построенный | H8: к-с | J8: 10 | K8: 20 | L8: =SUM($M8:$BU8) -> 5 | AR8: 5
A9: Задача | B9: 1 | C9: 33пппп | F9: Organization | G9: Факт предъявляемый | H9: к-с | J9: 10 | K9: 20 | L9: =SUM($M9:$BU9) -> 5 | AR9: 5
A10: Задача | B10: 1 | C10: 33пппп | F10: Organization | G10: Факт принятый | H10: к-с | J10: 10 | K10: 20 | L10: =SUM($M10:$BU10) -> 5 | AR10: 5
A11: Задача | B11: 4 | C11: 11пппаа | F11: Organization | G11: План | H11: % | J11: 0 | K11: 0 | L11: =SUM($M11:$BU11) -> 0
A12: Задача | B12: 4 | C12: 11пппаа | F12: Organization | G12: Факт построенный | H12: % | J12: 0 | K12: 0 | L12: =SUM($M12:$BU12) -> 0
A13: Задача | B13: 4 | C13: 11пппаа | F13: Organization | G13: Факт предъявляемый | H13: % | J13: 0 | K13: 0 | L13: =SUM($M13:$BU13) -> 0
A14: Задача | B14: 4 | C14: 11пппаа | F14: Organization | G14: Факт принятый | H14: % | J14: 0 | K14: 0 | L14: =SUM($M14:$BU14) -> 0
A15: Задача | B15: щ | C15: щщ | F15: новиков | G15: План | H15: м | L15: =SUM($M15:$BU15) -> 0
A16: Задача | B16: щ | C16: щщ | F16: новиков | G16: Факт построенный | H16: м | L16: =SUM($M16:$BU16) -> 0
A17: Задача | B17: щ | C17: щщ | F17: новиков | G17: Факт предъявляемый | H17: м | L17: =SUM($M17:$BU17) -> 0
A18: Задача | B18: щ | C18: щщ | F18: новиков | G18: Факт принятый | H18: м | L18: =SUM($M18:$BU18) -> 0
A19: Задача | B19: 48 | C19: 44 | F19: 12ММфыvvvVVVV4444444444444444444444444444444444444444444 | G19: План | H19: пм | L19: =SUM($M19:$BU19) -> 0
A20: Задача | B20: 48 | C20: 44 | F20: 12ММфыvvvVVVV4444444444444444444444444444444444444444444 | G20: Факт построенный | H20: пм | L20: =SUM($M20:$BU20) -> 0
A21: Задача | B21: 48 | C21: 44 | F21: 12ММфыvvvVVVV4444444444444444444444444444444444444444444 | G21: Факт предъявляемый | H21: пм | L21: =SUM($M21:$BU21) -> 0
A22: Задача | B22: 48 | C22: 44 | F22: 12ММфыvvvVVVV4444444444444444444444444444444444444444444 | G22: Факт принятый | H22: пм | L22: =SUM($M22:$BU22) -> 0
A23: Веха | B23: 33 | C23: 4445555 | D23: 08-09-2026 | E23: 16-09-2026
